file,age,gender,race,service_test
dataset\train\masculine\sample_masculine_001.jpg,20-29,Male,East Asian,False
dataset\train\masculine\sample_masculine_002.jpg,20-29,Male,East Asian,False
dataset\train\masculine\sample_masculine_003.jpg,20-29,Male,East Asian,False
dataset\train\masculine\sample_masculine_004.jpg,20-29,Male,East Asian,False
dataset\train\masculine\sample_masculine_005.jpg,20-29,Male,East Asian,False
dataset\train\masculine\sample_masculine_006.jpg,20-29,Male,East Asian,False
dataset\train\masculine\sample_masculine_007.jpg,20-29,Male,East Asian,False
dataset\train\masculine\sample_masculine_008.jpg,20-29,Male,East Asian,False
dataset\train\masculine\sample_masculine_009.jpg,20-29,Male,East Asian,False
dataset\train\masculine\sample_masculine_010.jpg,20-29,Male,East Asian,False
dataset\train\masculine\sample_masculine_011.jpg,20-29,Male,East Asian,False
dataset\train\masculine\sample_masculine_012.jpg,20-29,Male,East Asian,False
dataset\train\masculine\sample_masculine_013.jpg,20-29,Male,East Asian,False
dataset\train\masculine\sample_masculine_014.jpg,20-29,Male,East Asian,False
dataset\train\masculine\sample_masculine_015.jpg,20-29,Male,East Asian,False
dataset\train\masculine\sample_masculine_016.jpg,20-29,Male,East Asian,False
dataset\train\masculine\sample_masculine_017.jpg,20-29,Male,East Asian,False
dataset\train\masculine\sample_masculine_018.jpg,20-29,Male,East Asian,False
dataset\train\masculine\sample_masculine_019.jpg,20-29,Male,East Asian,False
dataset\train\masculine\sample_masculine_020.jpg,20-29,Male,East Asian,False
dataset\train\masculine\sample_masculine_021.jpg,20-29,Male,East Asian,False
dataset\train\masculine\sample_masculine_022.jpg,20-29,Male,East Asian,False
dataset\train\masculine\sample_masculine_023.jpg,20-29,Male,East Asian,False
dataset\train\masculine\sample_masculine_024.jpg,20-29,Male,East Asian,False
dataset\train\masculine\sample_masculine_025.jpg,20-29,Male,East Asian,False
dataset\train\masculine\sample_masculine_026.jpg,20-29,Male,East Asian,False
dataset\train\masculine\sample_masculine_027.jpg,20-29,Male,East Asian,False
dataset\train\masculine\sample_masculine_028.jpg,20-29,Male,East Asian,False
dataset\train\masculine\sample_masculine_029.jpg,20-29,Male,East Asian,False
dataset\train\masculine\sample_masculine_030.jpg,20-29,Male,East Asian,False
dataset\train\masculine\sample_masculine_031.jpg,20-29,Male,East Asian,False
dataset\train\masculine\sample_masculine_032.jpg,20-29,Male,East Asian,False
dataset\train\masculine\sample_masculine_033.jpg,20-29,Male,East Asian,False
dataset\train\masculine\sample_masculine_034.jpg,20-29,Male,East Asian,False
dataset\train\masculine\sample_masculine_035.jpg,20-29,Male,East Asian,False
dataset\train\masculine\sample_masculine_036.jpg,20-29,Male,East Asian,False
dataset\train\masculine\sample_masculine_037.jpg,20-29,Male,East Asian,False
dataset\train\masculine\sample_masculine_038.jpg,20-29,Male,East Asian,False
dataset\train\masculine\sample_masculine_039.jpg,20-29,Male,East Asian,False
dataset\train\masculine\sample_masculine_040.jpg,20-29,Male,East Asian,False
dataset\train\masculine\sample_masculine_041.jpg,20-29,Male,East Asian,False
dataset\train\masculine\sample_masculine_042.jpg,20-29,Male,East Asian,False
dataset\train\masculine\sample_masculine_043.jpg,20-29,Male,East Asian,False
dataset\train\masculine\sample_masculine_044.jpg,20-29,Male,East Asian,False
dataset\train\masculine\sample_masculine_045.jpg,20-29,Male,East Asian,False
dataset\train\masculine\sample_masculine_046.jpg,20-29,Male,East Asian,False
dataset\train\masculine\sample_masculine_047.jpg,20-29,Male,East Asian,False
dataset\train\masculine\sample_masculine_048.jpg,20-29,Male,East Asian,False
dataset\train\masculine\sample_masculine_049.jpg,20-29,Male,East Asian,False
dataset\train\masculine\sample_masculine_050.jpg,20-29,Male,East Asian,False
dataset\train\feminine\sample_feminine_001.jpg,20-29,Female,East Asian,False
dataset\train\feminine\sample_feminine_002.jpg,20-29,Female,East Asian,False
dataset\train\feminine\sample_feminine_003.jpg,20-29,Female,East Asian,False
dataset\train\feminine\sample_feminine_004.jpg,20-29,Female,East Asian,False
dataset\train\feminine\sample_feminine_005.jpg,20-29,Female,East Asian,False
dataset\train\feminine\sample_feminine_006.jpg,20-29,Female,East Asian,False
dataset\train\feminine\sample_feminine_007.jpg,20-29,Female,East Asian,False
dataset\train\feminine\sample_feminine_008.jpg,20-29,Female,East Asian,False
dataset\train\feminine\sample_feminine_009.jpg,20-29,Female,East Asian,False
dataset\train\feminine\sample_feminine_010.jpg,20-29,Female,East Asian,False
dataset\train\feminine\sample_feminine_011.jpg,20-29,Female,East Asian,False
dataset\train\feminine\sample_feminine_012.jpg,20-29,Female,East Asian,False
dataset\train\feminine\sample_feminine_013.jpg,20-29,Female,East Asian,False
dataset\train\feminine\sample_feminine_014.jpg,20-29,Female,East Asian,False
dataset\train\feminine\sample_feminine_015.jpg,20-29,Female,East Asian,False
dataset\train\feminine\sample_feminine_016.jpg,20-29,Female,East Asian,False
dataset\train\feminine\sample_feminine_017.jpg,20-29,Female,East Asian,False
dataset\train\feminine\sample_feminine_018.jpg,20-29,Female,East Asian,False
dataset\train\feminine\sample_feminine_019.jpg,20-29,Female,East Asian,False
dataset\train\feminine\sample_feminine_020.jpg,20-29,Female,East Asian,False
dataset\train\feminine\sample_feminine_021.jpg,20-29,Female,East Asian,False
dataset\train\feminine\sample_feminine_022.jpg,20-29,Female,East Asian,False
dataset\train\feminine\sample_feminine_023.jpg,20-29,Female,East Asian,False
dataset\train\feminine\sample_feminine_024.jpg,20-29,Female,East Asian,False
dataset\train\feminine\sample_feminine_025.jpg,20-29,Female,East Asian,False
dataset\train\feminine\sample_feminine_026.jpg,20-29,Female,East Asian,False
dataset\train\feminine\sample_feminine_027.jpg,20-29,Female,East Asian,False
dataset\train\feminine\sample_feminine_028.jpg,20-29,Female,East Asian,False
dataset\train\feminine\sample_feminine_029.jpg,20-29,Female,East Asian,False
dataset\train\feminine\sample_feminine_030.jpg,20-29,Female,East Asian,False
dataset\train\feminine\sample_feminine_031.jpg,20-29,Female,East Asian,False
dataset\train\feminine\sample_feminine_032.jpg,20-29,Female,East Asian,False
dataset\train\feminine\sample_feminine_033.jpg,20-29,Female,East Asian,False
dataset\train\feminine\sample_feminine_034.jpg,20-29,Female,East Asian,False
dataset\train\feminine\sample_feminine_035.jpg,20-29,Female,East Asian,False
dataset\train\feminine\sample_feminine_036.jpg,20-29,Female,East Asian,False
dataset\train\feminine\sample_feminine_037.jpg,20-29,Female,East Asian,False
dataset\train\feminine\sample_feminine_038.jpg,20-29,Female,East Asian,False
dataset\train\feminine\sample_feminine_039.jpg,20-29,Female,East Asian,False
dataset\train\feminine\sample_feminine_040.jpg,20-29,Female,East Asian,False
dataset\train\feminine\sample_feminine_041.jpg,20-29,Female,East Asian,False
dataset\train\feminine\sample_feminine_042.jpg,20-29,Female,East Asian,False
dataset\train\feminine\sample_feminine_043.jpg,20-29,Female,East Asian,False
dataset\train\feminine\sample_feminine_044.jpg,20-29,Female,East Asian,False
dataset\train\feminine\sample_feminine_045.jpg,20-29,Female,East Asian,False
dataset\train\feminine\sample_feminine_046.jpg,20-29,Female,East Asian,False
dataset\train\feminine\sample_feminine_047.jpg,20-29,Female,East Asian,False
dataset\train\feminine\sample_feminine_048.jpg,20-29,Female,East Asian,False
dataset\train\feminine\sample_feminine_049.jpg,20-29,Female,East Asian,False
dataset\train\feminine\sample_feminine_050.jpg,20-29,Female,East Asian,False
